{"nm":"Failed","ddd":0,"h":1080,"w":1920,"meta":{"g":"@lottiefiles/toolkit-js 0.26.1"},"layers":[{"ty":4,"nm":"cros1","sr":1,"st":0,"op":60.0000024438501,"ip":0,"hd":false,"ddd":0,"bm":0,"hasMask":false,"ao":0,"ks":{"a":{"a":0,"k":[319.771,234.922,0],"ix":1},"s":{"a":0,"k":[119.548,119.548,100],"ix":6},"sk":{"a":0,"k":0},"p":{"a":0,"k":[960.21,535.925,0],"ix":2},"r":{"a":0,"k":0,"ix":10},"sa":{"a":0,"k":0},"o":{"a":0,"k":100,"ix":11}},"ef":[],"shapes":[{"ty":"gr","bm":0,"hd":false,"mn":"ADBE Vector Group","nm":"Group 1","ix":1,"cix":2,"np":2,"it":[{"ty":"sh","bm":0,"hd":false,"mn":"ADBE Vector Shape - Group","nm":"Path 1","ix":1,"d":1,"ks":{"a":0,"k":{"c":false,"i":[[0,0],[0,0],[-144.75,96.16]],"o":[[0,0],[0,0],[0,0]],"v":[[114.401,-118.25],[-53.706,49.857],[30.348,22.09]]},"ix":2}},{"ty":"st","bm":0,"hd":false,"mn":"ADBE Vector Graphic - Stroke","nm":"Stroke 1","lc":2,"lj":2,"ml":1,"o":{"a":0,"k":100,"ix":4},"w":{"a":0,"k":28.346,"ix":5},"c":{"a":0,"k":[1,1,1],"ix":3}},{"ty":"tr","a":{"a":0,"k":[0,0],"ix":1},"s":{"a":0,"k":[100,100],"ix":3},"sk":{"a":0,"k":0,"ix":4},"p":{"a":0,"k":[277.79,280.751],"ix":2},"r":{"a":0,"k":0,"ix":6},"sa":{"a":0,"k":0,"ix":5},"o":{"a":0,"k":100,"ix":7}}]},{"ty":"tm","bm":0,"hd":false,"mn":"ADBE Vector Filter - Trim","nm":"Trim Paths 1","ix":2,"e":{"a":1,"k":[{"o":{"x":0.333,"y":0},"i":{"x":0.667,"y":1},"s":[100],"t":15},{"s":[54],"t":35.0000014255792}],"ix":2},"o":{"a":0,"k":0,"ix":3},"s":{"a":1,"k":[{"o":{"x":0.333,"y":0},"i":{"x":0.667,"y":1},"s":[100],"t":15},{"s":[0],"t":35.0000014255792}],"ix":1},"m":1}],"ind":1},{"ty":4,"nm":"cros2","sr":1,"st":0,"op":60.0000024438501,"ip":0,"hd":false,"ddd":0,"bm":0,"hasMask":false,"ao":0,"ks":{"a":{"a":0,"k":[313.219,323.786,0],"ix":1},"s":{"a":0,"k":[119.548,119.548,100],"ix":6},"sk":{"a":0,"k":0},"p":{"a":0,"k":[957,534.463,0],"ix":2},"r":{"a":0,"k":0,"ix":10},"sa":{"a":0,"k":0},"o":{"a":0,"k":100,"ix":11}},"ef":[],"shapes":[{"ty":"gr","bm":0,"hd":false,"mn":"ADBE Vector Group","nm":"Group 1","ix":1,"cix":2,"np":2,"it":[{"ty":"sh","bm":0,"hd":false,"mn":"ADBE Vector Shape - Group","nm":"Path 1","ix":1,"d":1,"ks":{"a":0,"k":{"c":false,"i":[[0,0],[0,0],[-144.75,-96.16]],"o":[[0,0],[0,0],[0,0]],"v":[[114.401,118.249],[-53.706,-49.857],[30.348,-22.09]]},"ix":2}},{"ty":"st","bm":0,"hd":false,"mn":"ADBE Vector Graphic - Stroke","nm":"Stroke 1","lc":2,"lj":2,"ml":1,"o":{"a":0,"k":100,"ix":4},"w":{"a":0,"k":28.346,"ix":5},"c":{"a":0,"k":[1,1,1],"ix":3}},{"ty":"tr","a":{"a":0,"k":[0,0],"ix":1},"s":{"a":0,"k":[100,100],"ix":3},"sk":{"a":0,"k":0,"ix":4},"p":{"a":0,"k":[277.79,280.941],"ix":2},"r":{"a":0,"k":0,"ix":6},"sa":{"a":0,"k":0,"ix":5},"o":{"a":0,"k":100,"ix":7}}]},{"ty":"tm","bm":0,"hd":false,"mn":"ADBE Vector Filter - Trim","nm":"Trim Paths 1","ix":2,"e":{"a":1,"k":[{"o":{"x":0.333,"y":0},"i":{"x":0.667,"y":1},"s":[100],"t":15},{"s":[54],"t":35.0000014255792}],"ix":2},"o":{"a":0,"k":0,"ix":3},"s":{"a":1,"k":[{"o":{"x":0.333,"y":0},"i":{"x":0.667,"y":1},"s":[100],"t":15},{"s":[0],"t":35.0000014255792}],"ix":1},"m":1}],"ind":2},{"ty":4,"nm":"elipse bold","sr":1,"st":0,"op":60.0000024438501,"ip":0,"hd":false,"ddd":0,"bm":0,"hasMask":false,"ao":0,"ks":{"a":{"a":0,"k":[-62,-4.5,0],"ix":1},"s":{"a":1,"k":[{"o":{"x":0.333,"y":0},"i":{"x":0.667,"y":1},"s":[91.25,91.25,100],"t":0},{"o":{"x":0.333,"y":0},"i":{"x":0.667,"y":1},"s":[582.5,582.5,100],"t":14},{"o":{"x":0.333,"y":0},"i":{"x":0.667,"y":1},"s":[536.25,536.25,100],"t":21},{"o":{"x":0.333,"y":0},"i":{"x":0.833,"y":1},"s":[558.75,558.75,100],"t":27},{"s":[158.75,158.75,100],"t":269.000010956595}],"ix":6},"sk":{"a":0,"k":0},"p":{"a":0,"k":[960,535.5,0],"ix":2},"r":{"a":0,"k":0,"ix":10},"sa":{"a":0,"k":0},"o":{"a":1,"k":[{"o":{"x":0.333,"y":0},"i":{"x":0.667,"y":1},"s":[0],"t":0},{"o":{"x":0.333,"y":0},"i":{"x":0.667,"y":1},"s":[81],"t":14},{"s":[100],"t":27.0000010997325}],"ix":11}},"ef":[],"shapes":[{"ty":"gr","bm":0,"hd":false,"mn":"ADBE Vector Group","nm":"Ellipse 1","ix":1,"cix":2,"np":3,"it":[{"ty":"el","bm":0,"hd":false,"mn":"ADBE Vector Shape - Ellipse","nm":"Ellipse Path 1","d":1,"p":{"a":0,"k":[0,0],"ix":3},"s":{"a":0,"k":[80,80],"ix":2}},{"ty":"fl","bm":0,"hd":false,"mn":"ADBE Vector Graphic - Fill","nm":"Fill 1","c":{"a":0,"k":[0.8157,0.0824,0.0588],"ix":4},"r":1,"o":{"a":0,"k":100,"ix":5}},{"ty":"tr","a":{"a":0,"k":[0,0],"ix":1},"s":{"a":0,"k":[100,100],"ix":3},"sk":{"a":0,"k":0,"ix":4},"p":{"a":0,"k":[-62,-4.5],"ix":2},"r":{"a":0,"k":0,"ix":6},"sa":{"a":0,"k":0,"ix":5},"o":{"a":0,"k":100,"ix":7}}]}],"ind":3},{"ty":4,"nm":"elipse light","sr":1,"st":0,"op":60.0000024438501,"ip":0,"hd":false,"ddd":0,"bm":0,"hasMask":false,"ao":0,"ks":{"a":{"a":0,"k":[-60.75,-4.5,0],"ix":1},"s":{"a":1,"k":[{"o":{"x":0.333,"y":0},"i":{"x":0.667,"y":1},"s":[150,150,100],"t":0},{"o":{"x":0.333,"y":0},"i":{"x":0.667,"y":1},"s":[580,580,100],"t":14},{"o":{"x":0.333,"y":0},"i":{"x":0.667,"y":1},"s":[528,528,100],"t":21},{"s":[585,585,100],"t":27.0000010997325}],"ix":6},"sk":{"a":0,"k":0},"p":{"a":0,"k":[960,535.5,0],"ix":2},"r":{"a":0,"k":0,"ix":10},"sa":{"a":0,"k":0},"o":{"a":1,"k":[{"o":{"x":0.333,"y":0},"i":{"x":0.667,"y":1},"s":[0],"t":0},{"o":{"x":0.333,"y":0},"i":{"x":0.667,"y":1},"s":[80],"t":14},{"s":[0],"t":27.0000010997325}],"ix":11}},"ef":[],"shapes":[{"ty":"gr","bm":0,"hd":false,"mn":"ADBE Vector Group","nm":"Ellipse 1","ix":1,"cix":2,"np":3,"it":[{"ty":"el","bm":0,"hd":false,"mn":"ADBE Vector Shape - Ellipse","nm":"Ellipse Path 1","d":1,"p":{"a":0,"k":[0,0],"ix":3},"s":{"a":0,"k":[122.5,122.5],"ix":2}},{"ty":"fl","bm":0,"hd":false,"mn":"ADBE Vector Graphic - Fill","nm":"Fill 1","c":{"a":0,"k":[0.8157,0.0824,0.0588],"ix":4},"r":1,"o":{"a":0,"k":100,"ix":5}},{"ty":"tr","a":{"a":0,"k":[0,0],"ix":1},"s":{"a":0,"k":[100,100],"ix":3},"sk":{"a":0,"k":0,"ix":4},"p":{"a":0,"k":[-60.75,-4.25],"ix":2},"r":{"a":0,"k":0,"ix":6},"sa":{"a":0,"k":0,"ix":5},"o":{"a":0,"k":100,"ix":7}}]}],"ind":4},{"ty":4,"nm":"background","sr":1,"st":0,"op":60.0000024438501,"ip":0,"hd":false,"ddd":0,"bm":0,"hasMask":false,"ao":0,"ks":{"a":{"a":0,"k":[0,0,0],"ix":1},"s":{"a":1,"k":[{"o":{"x":0.333,"y":0},"i":{"x":0.667,"y":1},"s":[415.646,415.646,100],"t":13},{"o":{"x":0.333,"y":0},"i":{"x":0.667,"y":1},"s":[577.128,577.128,100],"t":26},{"s":[370.371,370.371,100],"t":36.0000014663101}],"ix":6},"sk":{"a":0,"k":0},"p":{"a":0,"k":[960,540,0],"ix":2},"r":{"a":0,"k":0,"ix":10},"sa":{"a":0,"k":0},"o":{"a":1,"k":[{"o":{"x":0.333,"y":0},"i":{"x":0.667,"y":1},"s":[0],"t":13},{"o":{"x":0.333,"y":0},"i":{"x":0.667,"y":1},"s":[50],"t":26},{"s":[100],"t":36.0000014663101}],"ix":11}},"ef":[],"shapes":[{"ty":"gr","bm":0,"hd":false,"mn":"ADBE Vector Group","nm":"Ellipse 8","ix":1,"cix":2,"np":3,"it":[{"ty":"el","bm":0,"hd":false,"mn":"ADBE Vector Shape - Ellipse","nm":"Ellipse Path 1","d":1,"p":{"a":0,"k":[0,0],"ix":3},"s":{"a":0,"k":[6,6],"ix":2}},{"ty":"st","bm":0,"hd":false,"mn":"ADBE Vector Graphic - Stroke","nm":"Stroke 1","lc":1,"lj":1,"ml":4,"o":{"a":0,"k":100,"ix":4},"w":{"a":0,"k":5,"ix":5},"c":{"a":0,"k":[1,1,1],"ix":3}},{"ty":"fl","bm":0,"hd":false,"mn":"ADBE Vector Graphic - Fill","nm":"Fill 1","c":{"a":0,"k":[0.8157,0.0824,0.0588],"ix":4},"r":1,"o":{"a":0,"k":100,"ix":5}},{"ty":"tr","a":{"a":0,"k":[0,0],"ix":1},"s":{"a":0,"k":[100,100],"ix":3},"sk":{"a":0,"k":0,"ix":4},"p":{"a":0,"k":[-73,-4],"ix":2},"r":{"a":0,"k":0,"ix":6},"sa":{"a":0,"k":0,"ix":5},"o":{"a":0,"k":100,"ix":7}}]},{"ty":"gr","bm":0,"hd":false,"mn":"ADBE Vector Group","nm":"Ellipse 7","ix":2,"cix":2,"np":3,"it":[{"ty":"el","bm":0,"hd":false,"mn":"ADBE Vector Shape - Ellipse","nm":"Ellipse Path 1","d":1,"p":{"a":0,"k":[0,0],"ix":3},"s":{"a":0,"k":[9,9],"ix":2}},{"ty":"st","bm":0,"hd":false,"mn":"ADBE Vector Graphic - Stroke","nm":"Stroke 1","lc":1,"lj":1,"ml":4,"o":{"a":0,"k":100,"ix":4},"w":{"a":0,"k":5,"ix":5},"c":{"a":0,"k":[1,1,1],"ix":3}},{"ty":"fl","bm":0,"hd":false,"mn":"ADBE Vector Graphic - Fill","nm":"Fill 1","c":{"a":0,"k":[0.8157,0.0824,0.0588],"ix":4},"r":1,"o":{"a":0,"k":100,"ix":5}},{"ty":"tr","a":{"a":0,"k":[0,0],"ix":1},"s":{"a":0,"k":[100,100],"ix":3},"sk":{"a":0,"k":0,"ix":4},"p":{"a":0,"k":[42,-63],"ix":2},"r":{"a":0,"k":0,"ix":6},"sa":{"a":0,"k":0,"ix":5},"o":{"a":0,"k":100,"ix":7}}]},{"ty":"gr","bm":0,"hd":false,"mn":"ADBE Vector Group","nm":"Ellipse 6","ix":3,"cix":2,"np":3,"it":[{"ty":"el","bm":0,"hd":false,"mn":"ADBE Vector Shape - Ellipse","nm":"Ellipse Path 1","d":1,"p":{"a":0,"k":[0,0],"ix":3},"s":{"a":0,"k":[7.5,7.5],"ix":2}},{"ty":"st","bm":0,"hd":false,"mn":"ADBE Vector Graphic - Stroke","nm":"Stroke 1","lc":1,"lj":1,"ml":4,"o":{"a":0,"k":100,"ix":4},"w":{"a":0,"k":5,"ix":5},"c":{"a":0,"k":[1,1,1],"ix":3}},{"ty":"fl","bm":0,"hd":false,"mn":"ADBE Vector Graphic - Fill","nm":"Fill 1","c":{"a":0,"k":[0.8157,0.0824,0.0588],"ix":4},"r":1,"o":{"a":0,"k":100,"ix":5}},{"ty":"tr","a":{"a":0,"k":[0,0],"ix":1},"s":{"a":0,"k":[100,100],"ix":3},"sk":{"a":0,"k":0,"ix":4},"p":{"a":0,"k":[-65.25,-37.75],"ix":2},"r":{"a":0,"k":0,"ix":6},"sa":{"a":0,"k":0,"ix":5},"o":{"a":0,"k":100,"ix":7}}]},{"ty":"gr","bm":0,"hd":false,"mn":"ADBE Vector Group","nm":"Ellipse 5","ix":4,"cix":2,"np":3,"it":[{"ty":"el","bm":0,"hd":false,"mn":"ADBE Vector Shape - Ellipse","nm":"Ellipse Path 1","d":1,"p":{"a":0,"k":[0,0],"ix":3},"s":{"a":0,"k":[9.5,9.5],"ix":2}},{"ty":"st","bm":0,"hd":false,"mn":"ADBE Vector Graphic - Stroke","nm":"Stroke 1","lc":1,"lj":1,"ml":4,"o":{"a":0,"k":100,"ix":4},"w":{"a":0,"k":5,"ix":5},"c":{"a":0,"k":[1,1,1],"ix":3}},{"ty":"fl","bm":0,"hd":false,"mn":"ADBE Vector Graphic - Fill","nm":"Fill 1","c":{"a":0,"k":[0.8157,0.0824,0.0588],"ix":4},"r":1,"o":{"a":0,"k":100,"ix":5}},{"ty":"tr","a":{"a":0,"k":[0,0],"ix":1},"s":{"a":0,"k":[100,100],"ix":3},"sk":{"a":0,"k":0,"ix":4},"p":{"a":0,"k":[-6.75,68.75],"ix":2},"r":{"a":0,"k":0,"ix":6},"sa":{"a":0,"k":0,"ix":5},"o":{"a":0,"k":100,"ix":7}}]},{"ty":"gr","bm":0,"hd":false,"mn":"ADBE Vector Group","nm":"Ellipse 4","ix":5,"cix":2,"np":3,"it":[{"ty":"el","bm":0,"hd":false,"mn":"ADBE Vector Shape - Ellipse","nm":"Ellipse Path 1","d":1,"p":{"a":0,"k":[0,0],"ix":3},"s":{"a":0,"k":[12.5,12.5],"ix":2}},{"ty":"st","bm":0,"hd":false,"mn":"ADBE Vector Graphic - Stroke","nm":"Stroke 1","lc":1,"lj":1,"ml":4,"o":{"a":0,"k":100,"ix":4},"w":{"a":0,"k":5,"ix":5},"c":{"a":0,"k":[1,1,1],"ix":3}},{"ty":"fl","bm":0,"hd":false,"mn":"ADBE Vector Graphic - Fill","nm":"Fill 1","c":{"a":0,"k":[0.8157,0.0824,0.0588],"ix":4},"r":1,"o":{"a":0,"k":100,"ix":5}},{"ty":"tr","a":{"a":0,"k":[0,0],"ix":1},"s":{"a":0,"k":[100,100],"ix":3},"sk":{"a":0,"k":0,"ix":4},"p":{"a":0,"k":[59.75,43.25],"ix":2},"r":{"a":0,"k":0,"ix":6},"sa":{"a":0,"k":0,"ix":5},"o":{"a":0,"k":100,"ix":7}}]},{"ty":"gr","bm":0,"hd":false,"mn":"ADBE Vector Group","nm":"Ellipse 3","ix":6,"cix":2,"np":3,"it":[{"ty":"el","bm":0,"hd":false,"mn":"ADBE Vector Shape - Ellipse","nm":"Ellipse Path 1","d":1,"p":{"a":0,"k":[0,0],"ix":3},"s":{"a":0,"k":[12,12],"ix":2}},{"ty":"st","bm":0,"hd":false,"mn":"ADBE Vector Graphic - Stroke","nm":"Stroke 1","lc":1,"lj":1,"ml":4,"o":{"a":0,"k":100,"ix":4},"w":{"a":0,"k":5,"ix":5},"c":{"a":0,"k":[1,1,1],"ix":3}},{"ty":"fl","bm":0,"hd":false,"mn":"ADBE Vector Graphic - Fill","nm":"Fill 1","c":{"a":0,"k":[0.8157,0.0824,0.0588],"ix":4},"r":1,"o":{"a":0,"k":100,"ix":5}},{"ty":"tr","a":{"a":0,"k":[0,0],"ix":1},"s":{"a":0,"k":[100,100],"ix":3},"sk":{"a":0,"k":0,"ix":4},"p":{"a":0,"k":[-49.5,-57.5],"ix":2},"r":{"a":0,"k":0,"ix":6},"sa":{"a":0,"k":0,"ix":5},"o":{"a":0,"k":100,"ix":7}}]},{"ty":"gr","bm":0,"hd":false,"mn":"ADBE Vector Group","nm":"Ellipse 2","ix":7,"cix":2,"np":3,"it":[{"ty":"el","bm":0,"hd":false,"mn":"ADBE Vector Shape - Ellipse","nm":"Ellipse Path 1","d":1,"p":{"a":0,"k":[0,0],"ix":3},"s":{"a":0,"k":[17,17],"ix":2}},{"ty":"st","bm":0,"hd":false,"mn":"ADBE Vector Graphic - Stroke","nm":"Stroke 1","lc":1,"lj":1,"ml":4,"o":{"a":0,"k":100,"ix":4},"w":{"a":0,"k":5,"ix":5},"c":{"a":0,"k":[1,1,1],"ix":3}},{"ty":"fl","bm":0,"hd":false,"mn":"ADBE Vector Graphic - Fill","nm":"Fill 1","c":{"a":0,"k":[0.8157,0.0824,0.0588],"ix":4},"r":1,"o":{"a":0,"k":100,"ix":5}},{"ty":"tr","a":{"a":0,"k":[0,0],"ix":1},"s":{"a":0,"k":[100,100],"ix":3},"sk":{"a":0,"k":0,"ix":4},"p":{"a":0,"k":[-51,48.5],"ix":2},"r":{"a":0,"k":0,"ix":6},"sa":{"a":0,"k":0,"ix":5},"o":{"a":0,"k":100,"ix":7}}]},{"ty":"gr","bm":0,"hd":false,"mn":"ADBE Vector Group","nm":"Ellipse 1","ix":8,"cix":2,"np":3,"it":[{"ty":"el","bm":0,"hd":false,"mn":"ADBE Vector Shape - Ellipse","nm":"Ellipse Path 1","d":1,"p":{"a":0,"k":[0,0],"ix":3},"s":{"a":0,"k":[15,15],"ix":2}},{"ty":"st","bm":0,"hd":false,"mn":"ADBE Vector Graphic - Stroke","nm":"Stroke 1","lc":1,"lj":1,"ml":4,"o":{"a":0,"k":100,"ix":4},"w":{"a":0,"k":5,"ix":5},"c":{"a":0,"k":[1,1,1],"ix":3}},{"ty":"fl","bm":0,"hd":false,"mn":"ADBE Vector Graphic - Fill","nm":"Fill 1","c":{"a":0,"k":[0.8157,0.0824,0.0588],"ix":4},"r":1,"o":{"a":0,"k":100,"ix":5}},{"ty":"tr","a":{"a":0,"k":[0,0],"ix":1},"s":{"a":0,"k":[100,100],"ix":3},"sk":{"a":0,"k":0,"ix":4},"p":{"a":0,"k":[66.5,-49],"ix":2},"r":{"a":0,"k":0,"ix":6},"sa":{"a":0,"k":0,"ix":5},"o":{"a":0,"k":100,"ix":7}}]}],"ind":5},{"ty":5,"nm":"Payment Failed","sr":1,"st":0,"op":60.0000024438501,"ip":0,"hd":false,"ddd":0,"bm":0,"hasMask":false,"ao":0,"ks":{"a":{"a":0,"k":[0,0,0],"ix":1},"s":{"a":0,"k":[100,100,100],"ix":6},"sk":{"a":0,"k":0},"p":{"a":0,"k":[733.125,893,0],"ix":2},"r":{"a":0,"k":0,"ix":10},"sa":{"a":0,"k":0},"o":{"a":1,"k":[{"o":{"x":0.167,"y":0.167},"i":{"x":0.833,"y":0.833},"s":[0],"t":29},{"s":[100],"t":40.0000016292334}],"ix":11}},"ef":[],"t":{"m":{"a":{"a":0,"k":[0,0],"ix":2},"g":1},"p":{},"a":[],"d":{"k":[{"s":{"f":"SFUIDisplay-Bold","s":64,"t":"Payment Failed","fc":[0.8157,0.0824,0.0588],"lh":76.8,"tr":0,"j":0,"ca":0},"t":0}]}},"ind":6}],"v":"5.6.3","fr":29.9700012207031,"op":60.0000024438501,"ip":0,"fonts":{"list":[{"ascent":73.828125,"fClass":"","fFamily":"SF UI Display","fStyle":"Bold","fName":"SFUIDisplay-Bold","fPath":"","fWeight":"","origin":0}]},"chars":[{"ch":"P","fFamily":"SF UI Display","size":64,"style":"Bold","w":62.5,"data":{"shapes":[{"ty":"gr","bm":0,"hd":false,"mn":"ADBE Vector Group","nm":"P","ix":1,"cix":2,"np":5,"it":[{"ty":"sh","bm":0,"hd":false,"mn":"ADBE Vector Shape - Group","nm":"P","ix":1,"d":1,"ks":{"a":0,"k":{"c":true,"i":[[0,0],[0,0],[0,0],[0,0],[0,0],[0,14.453],[14.453,0]],"o":[[0,0],[0,0],[0,0],[0,0],[14.844,0],[0,-14.502],[0,0]],"v":[[5.859,-70.459],[5.859,0],[20.605,0],[20.605,-22.217],[34.521,-22.217],[59.668,-46.338],[35.254,-70.459]]},"ix":2}},{"ty":"sh","bm":0,"hd":false,"mn":"ADBE Vector Shape - Group","nm":"P","ix":2,"d":1,"ks":{"a":0,"k":{"c":true,"i":[[0,0],[0,0],[0,-8.008],[8.447,0],[0,0]],"o":[[0,0],[8.447,0],[0,8.057],[0,0],[0,0]],"v":[[20.605,-58.789],[31.348,-58.789],[44.678,-46.289],[31.299,-33.74],[20.605,-33.74]]},"ix":2}}]}]}},{"ch":"a","fFamily":"SF UI Display","size":64,"style":"Bold","w":56.01,"data":{"shapes":[{"ty":"gr","bm":0,"hd":false,"mn":"ADBE Vector Group","nm":"a","ix":1,"cix":2,"np":5,"it":[{"ty":"sh","bm":0,"hd":false,"mn":"ADBE Vector Shape - Group","nm":"a","ix":1,"d":1,"ks":{"a":0,"k":{"c":true,"i":[[6.592,0],[0,3.955],[-5.957,0.391],[0,0],[0,0]],"o":[[-5.176,0],[0,-3.955],[0,0],[0,0],[0,5.859]],"v":[[25.391,-9.766],[16.846,-16.211],[25.977,-22.9],[37.256,-23.682],[37.256,-19.727]]},"ix":2}},{"ty":"sh","bm":0,"hd":false,"mn":"ADBE Vector Shape - Group","nm":"a","ix":2,"d":1,"ks":{"a":0,"k":{"c":true,"i":[[-10.352,0],[-2.93,5.615],[0,0],[0,0],[0,0],[0,0],[13.818,0],[0.391,-10.254],[0,0],[-5.176,0],[0,-5.176],[0,0],[0,0],[0,-9.766]],"o":[[6.885,0],[0,0],[0,0],[0,0],[0,0],[0,-10.742],[-13.428,0],[0,0],[0.684,-3.906],[5.859,0],[0,0],[0,0],[-13.721,0.83],[0,9.619]],"v":[[20.752,0.635],[37.207,-8.301],[37.5,-8.301],[37.5,0],[51.27,0],[51.27,-36.865],[28.418,-54.688],[5.322,-37.354],[18.359,-37.354],[27.832,-43.994],[37.256,-35.986],[37.256,-32.422],[23.828,-31.592],[2.637,-15.479]]},"ix":2}}]}]}},{"ch":"y","fFamily":"SF UI Display","size":64,"style":"Bold","w":56.2,"data":{"shapes":[{"ty":"gr","bm":0,"hd":false,"mn":"ADBE Vector Group","nm":"y","ix":1,"cix":2,"np":3,"it":[{"ty":"sh","bm":0,"hd":false,"mn":"ADBE Vector Shape - Group","nm":"y","ix":1,"d":1,"ks":{"a":0,"k":{"c":true,"i":[[-0.537,0],[-4.59,13.721],[0,0],[0,0],[0,0],[0,0],[0,0],[0,0],[0,0],[0,0],[5.322,0],[0.488,0.098],[0,0]],"o":[[13.428,0],[0,0],[0,0],[0,0],[0,0],[0,0],[0,0],[0,0],[0,0],[-1.123,4.297],[-0.586,0],[0,0],[0.537,0.098]],"v":[[11.67,19.629],[36.279,1.074],[54.883,-53.76],[39.844,-53.76],[28.174,-11.572],[27.881,-11.572],[16.26,-53.76],[0.635,-53.76],[19.482,0.342],[18.994,2.393],[9.473,8.545],[6.25,8.398],[6.25,19.434]]},"ix":2}}]}]}},{"ch":"m","fFamily":"SF UI Display","size":64,"style":"Bold","w":88.43,"data":{"shapes":[{"ty":"gr","bm":0,"hd":false,"mn":"ADBE Vector Group","nm":"m","ix":1,"cix":2,"np":3,"it":[{"ty":"sh","bm":0,"hd":false,"mn":"ADBE Vector Shape - Group","nm":"m","ix":1,"d":1,"ks":{"a":0,"k":{"c":true,"i":[[0,0],[0,0],[0,0],[-5.615,0],[0,-5.762],[0,0],[0,0],[0,0],[-5.615,0],[0,-6.299],[0,0],[0,0],[0,0],[10.547,0],[2.441,-6.738],[0,0],[7.715,0],[2.295,-6.494],[0,0],[0,0],[0,0]],"o":[[0,0],[0,0],[0,-6.104],[5.518,0],[0,0],[0,0],[0,0],[0,-6.104],[5.811,0],[0,0],[0,0],[0,0],[0,-10.84],[-7.813,0],[0,0],[-1.807,-7.031],[-7.178,0],[0,0],[0,0],[0,0],[0,0]],"v":[[4.834,0],[19.092,0],[19.092,-32.324],[28.613,-42.725],[37.451,-33.496],[37.451,0],[51.221,0],[51.221,-32.52],[60.596,-42.725],[69.58,-32.959],[69.58,0],[83.838,0],[83.838,-36.523],[66.211,-54.541],[49.512,-43.555],[49.219,-43.555],[34.229,-54.541],[18.896,-43.994],[18.604,-43.994],[18.604,-53.76],[4.834,-53.76]]},"ix":2}}]}]}},{"ch":"e","fFamily":"SF UI Display","size":64,"style":"Bold","w":56.84,"data":{"shapes":[{"ty":"gr","bm":0,"hd":false,"mn":"ADBE Vector Group","nm":"e","ix":1,"cix":2,"np":5,"it":[{"ty":"sh","bm":0,"hd":false,"mn":"ADBE Vector Shape - Group","nm":"e","ix":1,"d":1,"ks":{"a":0,"k":{"c":true,"i":[[-6.494,0],[-0.244,-7.031],[0,0]],"o":[[6.592,0],[0,0],[0.488,-6.885]],"v":[[28.809,-44.043],[40.234,-32.422],[17.041,-32.422]]},"ix":2}},{"ty":"sh","bm":0,"hd":false,"mn":"ADBE Vector Shape - Group","nm":"e","ix":2,"d":1,"ks":{"a":0,"k":{"c":true,"i":[[0,0],[5.371,0],[0,7.764],[0,0],[0,0],[0,0],[15.479,0],[0,-17.09],[-16.357,0],[-1.563,10.4]],"o":[[-1.367,4.15],[-7.52,0],[0,0],[0,0],[0,0],[0,-16.357],[-15.771,0],[0,17.09],[13.086,0],[0,0]],"v":[[40.43,-16.406],[29.443,-9.717],[16.895,-22.705],[16.895,-23.584],[54.004,-23.584],[54.004,-27.979],[28.662,-54.688],[2.832,-26.66],[29.199,0.928],[53.564,-16.406]]},"ix":2}}]}]}},{"ch":"n","fFamily":"SF UI Display","size":64,"style":"Bold","w":58.94,"data":{"shapes":[{"ty":"gr","bm":0,"hd":false,"mn":"ADBE Vector Group","nm":"n","ix":1,"cix":2,"np":3,"it":[{"ty":"sh","bm":0,"hd":false,"mn":"ADBE Vector Shape - Group","nm":"n","ix":1,"d":1,"ks":{"a":0,"k":{"c":true,"i":[[0,0],[0,0],[0,0],[-6.836,0],[0,-7.129],[0,0],[0,0],[0,0],[11.914,0],[3.076,-6.787],[0,0],[0,0],[0,0]],"o":[[0,0],[0,0],[0,-7.129],[6.738,0],[0,0],[0,0],[0,0],[0,-12.549],[-8.252,0],[0,0],[0,0],[0,0],[0,0]],"v":[[4.834,0],[19.092,0],[19.092,-30.664],[30.029,-42.676],[40.088,-31.494],[40.088,0],[54.346,0],[54.346,-34.473],[35.693,-54.541],[18.896,-44.141],[18.604,-44.141],[18.604,-53.76],[4.834,-53.76]]},"ix":2}}]}]}},{"ch":"t","fFamily":"SF UI Display","size":64,"style":"Bold","w":36.18,"data":{"shapes":[{"ty":"gr","bm":0,"hd":false,"mn":"ADBE Vector Group","nm":"t","ix":1,"cix":2,"np":3,"it":[{"ty":"sh","bm":0,"hd":false,"mn":"ADBE Vector Shape - Group","nm":"t","ix":1,"d":1,"ks":{"a":0,"k":{"c":true,"i":[[0,0],[0,0],[0,0],[0,0],[0,0],[0,0],[-12.451,0],[-1.465,0.293],[0,0],[1.27,0],[0,4.15],[0,0],[0,0],[0,0],[0,0],[0,0]],"o":[[0,0],[0,0],[0,0],[0,0],[0,0],[0,10.498],[2.881,0],[0,0],[-0.879,0.146],[-4.346,0],[0,0],[0,0],[0,0],[0,0],[0,0],[0,0]],"v":[[8.643,-65.723],[8.643,-53.76],[1.367,-53.76],[1.367,-42.969],[8.643,-42.969],[8.643,-14.502],[25.977,0.195],[32.861,-0.391],[32.861,-10.938],[29.297,-10.693],[22.9,-16.846],[22.9,-42.969],[32.861,-42.969],[32.861,-53.76],[22.9,-53.76],[22.9,-65.723]]},"ix":2}}]}]}},{"ch":" ","fFamily":"SF UI Display","size":64,"style":"Bold","w":21.48},{"ch":"F","fFamily":"SF UI Display","size":64,"style":"Bold","w":54.83,"data":{"shapes":[{"ty":"gr","bm":0,"hd":false,"mn":"ADBE Vector Group","nm":"F","ix":1,"cix":2,"np":3,"it":[{"ty":"sh","bm":0,"hd":false,"mn":"ADBE Vector Shape - Group","nm":"F","ix":1,"d":1,"ks":{"a":0,"k":{"c":true,"i":[[0,0],[0,0],[0,0],[0,0],[0,0],[0,0],[0,0],[0,0],[0,0],[0,0]],"o":[[0,0],[0,0],[0,0],[0,0],[0,0],[0,0],[0,0],[0,0],[0,0],[0,0]],"v":[[20.605,0],[20.605,-27.734],[49.268,-27.734],[49.268,-39.404],[20.605,-39.404],[20.605,-58.301],[52.002,-58.301],[52.002,-70.459],[5.859,-70.459],[5.859,0]]},"ix":2}}]}]}},{"ch":"i","fFamily":"SF UI Display","size":64,"style":"Bold","w":24.41,"data":{"shapes":[{"ty":"gr","bm":0,"hd":false,"mn":"ADBE Vector Group","nm":"i","ix":1,"cix":2,"np":5,"it":[{"ty":"sh","bm":0,"hd":false,"mn":"ADBE Vector Shape - Group","nm":"i","ix":1,"d":1,"ks":{"a":0,"k":{"c":true,"i":[[0,0],[0,0],[0,0],[0,0]],"o":[[0,0],[0,0],[0,0],[0,0]],"v":[[5.078,0],[19.336,0],[19.336,-53.76],[5.078,-53.76]]},"ix":2}},{"ty":"sh","bm":0,"hd":false,"mn":"ADBE Vector Shape - Group","nm":"i","ix":2,"d":1,"ks":{"a":0,"k":{"c":true,"i":[[-4.199,0],[0,4.248],[4.248,0],[0,-4.248]],"o":[[4.248,0],[0,-4.248],[-4.199,0],[0,4.248]],"v":[[12.207,-59.619],[19.922,-67.09],[12.207,-74.512],[4.541,-67.09]]},"ix":2}}]}]}},{"ch":"l","fFamily":"SF UI Display","size":64,"style":"Bold","w":24.66,"data":{"shapes":[{"ty":"gr","bm":0,"hd":false,"mn":"ADBE Vector Group","nm":"l","ix":1,"cix":2,"np":3,"it":[{"ty":"sh","bm":0,"hd":false,"mn":"ADBE Vector Shape - Group","nm":"l","ix":1,"d":1,"ks":{"a":0,"k":{"c":true,"i":[[0,0],[0,0],[0,0],[0,0]],"o":[[0,0],[0,0],[0,0],[0,0]],"v":[[5.225,0],[19.482,0],[19.482,-73.828],[5.225,-73.828]]},"ix":2}}]}]}},{"ch":"d","fFamily":"SF UI Display","size":64,"style":"Bold","w":60.99,"data":{"shapes":[{"ty":"gr","bm":0,"hd":false,"mn":"ADBE Vector Group","nm":"d","ix":1,"cix":2,"np":5,"it":[{"ty":"sh","bm":0,"hd":false,"mn":"ADBE Vector Shape - Group","nm":"d","ix":1,"d":1,"ks":{"a":0,"k":{"c":true,"i":[[-13.379,0],[-2.637,5.908],[0,0],[0,0],[0,0],[0,0],[0,0],[0,0],[0,0],[7.764,0],[0,-16.846]],"o":[[7.91,0],[0,0],[0,0],[0,0],[0,0],[0,0],[0,0],[0,0],[-2.686,-5.957],[-13.379,0],[0,16.943]],"v":[[24.854,0.635],[41.602,-9.18],[41.846,-9.18],[41.846,0],[55.908,0],[55.908,-73.828],[41.65,-73.828],[41.65,-44.58],[41.357,-44.58],[24.902,-54.395],[2.832,-26.953]]},"ix":2}},{"ty":"sh","bm":0,"hd":false,"mn":"ADBE Vector Shape - Group","nm":"d","ix":2,"d":1,"ks":{"a":0,"k":{"c":true,"i":[[-7.422,0],[0,-9.717],[7.373,0],[0,9.863]],"o":[[7.373,0],[0,9.717],[-7.422,0],[0,-9.766]],"v":[[29.59,-42.871],[41.748,-26.855],[29.59,-10.889],[17.432,-26.904]]},"ix":2}}]}]}}],"assets":[]}